{
    "datapoints": 200,
    "learn_rate": 0.0001,
    "epochs": 400000,
    "weight": 0.0002494417713023722,
    "bias": 1.5927422046661377,
    "equation": "y = w * x + b",
    "x": 13,
    "y": 1.5959849476930685
}