{
    "datapoints": 200,
    "learn_rate": 0.0001,
    "epochs": 500000,
    "weight": 8.192967652576044e-05,
    "bias": 1.6000720262527466,
    "equation": "y = w * x + b",
    "x": 13,
    "y": 1.6011371120475815
}