{
    "datapoints": 200,
    "learn_rate": 1e-05,
    "epochs": 400000,
    "weight": 0.0028167159762233496,
    "bias": 1.3214374780654907,
    "equation": "y = w * x + b",
    "x": 21,
    "y": 1.380588513566181
}