{
    "datapoints": 200,
    "learn_rate": 0.0001,
    "epochs": 400000,
    "weight": -0.0001901564683066681,
    "bias": 1.6138933897018433,
    "equation": "y = w * x + b",
    "x": 89,
    "y": 1.5969694640225498
}