{
    "datapoints": 200,
    "learn_rate": 0.0001,
    "epochs": 2000000,
    "weight": -2.8336340619716793e-05,
    "bias": 1.6164194345474243,
    "equation": "y = w * x + b",
    "x": 13,
    "y": 1.616051062119368
}