{
    "datapoints": 200,
    "learn_rate": 0.0001,
    "epochs": 450000,
    "weight": -0.00020154949743300676,
    "bias": 1.630781650543213,
    "equation": "y = w * x + b",
    "x": 13,
    "y": 1.6281615070765838
}