{
    "datapoints": 200,
    "learn_rate": 0.0001,
    "epochs": 4000000,
    "weight": 0.0002628623624332249,
    "bias": 1.5898858308792114,
    "equation": "y = w * x + b",
    "x": 13,
    "y": 1.5933030415908433
}