{
    "datapoints": 200,
    "learn_rate": 0.0001,
    "epochs": 1000000,
    "weight": 0.000196012100786902,
    "bias": 1.6106243133544922,
    "equation": "y = w * x + b",
    "x": 13,
    "y": 1.613172470664722
}