{
    "datapoints": 200,
    "learn_rate": 0.0001,
    "epochs": 400000,
    "weight": 7.58243040763773e-05,
    "bias": 1.6105852127075195,
    "equation": "y = w * x + b",
    "x": 13,
    "y": 1.6115709286605124
}